upload_model/debertav3base_lr22e-05_wording_pred,upload_model/debertav3base_lr22e-05_content_pred
-1.505079,-1.2354777
-1.5140945,-1.2389672
-1.5201824,-1.2644119
-1.5308378,-1.2564887
