student_id,content,wording
000000ffffff,-0.6327192968204451,-0.5005532268125381
111111eeeeee,-0.7146863591642612,-0.5414438313661033
222222cccccc,-0.7357332437383861,-0.6210105269730875
333333dddddd,-0.7357332437383861,-0.6210105269730875
