student_id,content,wording
000000ffffff,-1.517738537333662,-1.3540572794589665
111111eeeeee,-1.517738537333662,-1.3540572794589665
222222cccccc,-1.517738537333662,-1.3540572794589665
333333dddddd,-1.517738537333662,-1.3540572794589665
