student_id,content,wording
000000ffffff,-1.5597198618857087,-1.3095205241749617
111111eeeeee,-1.5597198618857087,-1.3095205241749617
222222cccccc,-1.5597198618857087,-1.3095205241749617
333333dddddd,-1.5597198618857087,-1.3095205241749617
