student_id,content,wording
000000ffffff,-1.592607850543168,-1.3353281543877096
111111eeeeee,-1.592607850543168,-1.3353281543877096
222222cccccc,-1.592607850543168,-1.3353281543877096
333333dddddd,-1.592607850543168,-1.3353281543877096
