student_id,content,wording
000000ffffff,-1.3629430794122244,-1.2359966185929268
111111eeeeee,-1.3629430794122244,-1.2359966185929268
222222cccccc,-1.3629430794122244,-1.2359966185929268
333333dddddd,-1.3629430794122244,-1.2359966185929268
