student_id,content,wording
000000ffffff,-1.542455838928232,-1.433211791955184
111111eeeeee,-1.542455838928232,-1.433211791955184
222222cccccc,-1.542455838928232,-1.433211791955184
333333dddddd,-1.542455838928232,-1.433211791955184
