student_id,content,wording
000000ffffff,-1.4756452698038545,-1.2519373112243526
111111eeeeee,-1.4756452698038545,-1.2519373112243526
222222cccccc,-1.4776913222873855,-1.2519373112243526
333333dddddd,-1.4756452698038545,-1.2519373112243526
