student_id,content,wording
000000ffffff,-1.478178269479865,-1.1800504454946648
111111eeeeee,-1.478178269479865,-1.1800504454946648
222222cccccc,-1.484978779414025,-1.1800504454946648
333333dddddd,-1.484978779414025,-1.1800504454946648
