student_id,content,wording
000000ffffff,0.3287654737010598,0.5433515029028058
111111eeeeee,0.3287654737010598,0.5433515029028058
222222cccccc,0.3287654737010598,0.5433515029028058
333333dddddd,0.3287654737010598,0.5433515029028058
