student_id,content,wording
000000ffffff,-1.456702887865955,-1.2106114158519499
111111eeeeee,-1.456702887865955,-1.2106114158519499
222222cccccc,-1.456702887865955,-1.2106114158519499
333333dddddd,-1.456702887865955,-1.2106114158519499
