student_id,content,wording
000000ffffff,-0.7819145797302107,-0.4157140628767917
111111eeeeee,-0.7501606982312748,-0.4157140628767917
222222cccccc,-0.8103659400699412,-0.4813764808514115
333333dddddd,-0.8052960153108036,-0.4813764808514115
