student_id,content,wording
000000ffffff,0.3224663448830446,0.5399001240730286
111111eeeeee,0.3224663448830446,0.5399001240730286
222222cccccc,0.3224663448830446,0.5399001240730286
333333dddddd,0.3224663448830446,0.5399001240730286
